dataset,acc
Cars,0.8490237532645193
EuroSAT,0.4803703703703704
RESISC45,0.940952380952381
GTSRB,0.8510688836104513
