dataset,acc
Cars,0.7538863325457033
EuroSAT,0.25407407407407406
RESISC45,0.9179365079365079
GTSRB,0.9069675376088677
