dataset,acc
Cars,0.00746175848775028
EuroSAT,0.41703703703703704
RESISC45,0.206984126984127
GTSRB,0.9760095011876485
