dataset,acc
Cars,0.774281805745554
EuroSAT,0.774074074074074
RESISC45,0.9511111111111111
GTSRB,0.9773555027711798
