dataset,acc
Cars,0.8343489615719438
EuroSAT,0.27925925925925926
RESISC45,0.9236507936507936
GTSRB,0.9616785431512272
