dataset,acc
SUN397,0.7536523929471033
Cars,0.7851013555527919
RESISC45,0.959047619047619
SVHN,0.974339274738783
GTSRB,0.9874109263657957
DTD,0.7957446808510639
