dataset,acc
Cars,0.86693197363512
EuroSAT,0.7937037037037037
RESISC45,0.9674603174603175
GTSRB,0.9561361836896278
