dataset,acc
Cars,0.7720432781992289
EuroSAT,0.6677777777777778
RESISC45,0.9419047619047619
GTSRB,0.9832145684877276
