dataset,acc
SUN397,0.7540050377833754
Cars,0.7826141027235418
EuroSAT,0.9988888888888889
GTSRB,0.9877276326207443
MNIST,0.9968
DTD,0.7957446808510639
