dataset,acc
Cars,0.7721676408406914
EuroSAT,0.39111111111111113
RESISC45,0.9350793650793651
GTSRB,0.8837688044338876
