dataset,acc
Cars,0.8707872155204577
EuroSAT,0.9985185185185185
RESISC45,0.9684126984126984
GTSRB,0.9916864608076009
