dataset,acc
Cars,0.7642084317870912
EuroSAT,0.6751851851851852
RESISC45,0.9147619047619048
GTSRB,0.9585114806017418
