dataset,acc
Cars,0.8636985449570949
EuroSAT,0.7640740740740741
RESISC45,0.9638095238095238
GTSRB,0.9845605700712589
