dataset,acc
Cars,0.7879616963064295
EuroSAT,0.9985185185185185
RESISC45,0.9596825396825397
GTSRB,0.9870942201108472
