dataset,acc
Cars,0.012436264146250466
EuroSAT,0.3548148148148148
RESISC45,0.27
GTSRB,0.9753760886777514
