dataset,acc
Cars,0.7834846412137794
EuroSAT,0.7925925925925926
RESISC45,0.957936507936508
GTSRB,0.9657957244655582
