dataset,acc
Cars,0.8454172366621067
EuroSAT,0.6222222222222222
RESISC45,0.9384126984126984
GTSRB,0.9730007917656374
