dataset,acc
Cars,0.8577291381668947
EuroSAT,0.632962962962963
RESISC45,0.9585714285714285
GTSRB,0.989944576405384
